dataset,sfd_mean,sfd_std,rs_dcft_mean,rs_dcft_std,paired_gain_pp,paired_std_pp,wins,ties,losses,global_heads,dual_scale_heads
actor,38.44737023115158,1.0837863230942095,38.592106997966766,0.9684943039525461,0.14473676681518555,0.7881327955643452,6,0,4,1,9
amazon-ratings,53.14554214477539,1.0805126847909803,53.194530606269836,1.0773719359202478,0.0489884614944458,0.15067797202950747,6,0,4,7,3
chameleon,49.044944047927856,4.883655570251267,48.82022500038147,3.9410457783740727,-0.22471904754638672,1.5259583468545053,2,5,3,0,10
photo,95.57516574859619,0.3445434890688917,95.68627655506134,0.3710099907454489,0.11111080646514893,0.13447798088785878,7,2,1,0,10
pubmed,90.1977664232254,0.531473933754426,90.21551549434662,0.5337866953655767,0.01774907112121582,0.10423258061907349,4,2,4,3,7
roman-empire,90.98169088363647,0.37593584658030116,91.17802917957306,0.3499592149437364,0.19633829593658447,0.23357010451495128,8,0,2,3,7
squirrel,38.9213490486145,2.034366363835584,42.741573452949524,2.3444617920400517,3.820224404335022,2.3497206511895525,10,0,0,2,8
wikics,86.08713865280151,0.4570016952004059,86.211017370224,0.47856351304489225,0.12387871742248535,0.054962877342970874,9,1,0,1,9
macro_average_paired_gain_pp,,,,,0.5297884345054626
