dataset,sfd_mean,selected_mean,gain_pp,gain_std_pp,wins,ties,losses,global_count,local_count,dual_count
actor,38.44737023115158,38.48684400320053,0.039473772048950195,0.4474973262010761,6,1,3,4,4,2
amazon-ratings,53.14554214477539,53.15778732299805,0.01224517822265625,0.14440058455981386,6,0,4,5,3,2
chameleon,49.044944047927856,49.32584285736084,0.2808988094329834,0.6620848432576344,5,3,2,5,3,2
photo,95.57516574859619,95.61438083648682,0.039215087890625,0.15466919107641425,5,2,3,4,5,1
pubmed,90.1977664232254,90.21805047988892,0.020284056663513184,0.059522945218128294,5,1,4,3,7,0
roman-empire,90.98169088363647,91.12508416175842,0.14339327812194824,0.21268036151354866,7,0,3,5,4,1
squirrel,38.9213490486145,41.033708453178406,2.112359404563904,1.4338262656134375,10,0,0,6,2,2
wikics,86.08713865280151,86.19393050670624,0.10679185390472412,0.07047896360397173,9,1,0,7,0,3
macro_mean_paired_gain_pp,,,0.344332680106163
trimmed_macro_mean_paired_gain_pp,,,0.1050094763437907
